Source, Target
marugotstinking,PoloChau
JeddyM197,PoloChau
NitinKodial,PoloChau
thachbebigboss,PoloChau
YoungHsu_1s,PoloChau
1171020709,PoloChau
AgnesMayYao,PoloChau
xinsicheng123,PoloChau
AngieZZL,PoloChau
lipu1108,PoloChau
TheOutFlT,marugotstinking
nagato,marugotstinking
linux_games_me,marugotstinking
TrainingHusky,marugotstinking
HumanOverseer,marugotstinking
OhHiJess,JeddyM197
Vi43K,NitinKodial
v10_ted,NitinKodial
pramodkirchki,NitinKodial
rakesh382,NitinKodial
kishorgopalaiah,NitinKodial
ganesh_,NitinKodial
DhananjayGowdaN,NitinKodial
ashay_p,NitinKodial
preshu_,NitinKodial
Nidhi_Satish,NitinKodial
Manuuclielf,thachbebigboss
adele__pa,thachbebigboss
i_promomaster,thachbebigboss
GMATgenius,thachbebigboss
BEE2Bpilots,thachbebigboss
capricoincpc,thachbebigboss
nhnthinnguyn2,thachbebigboss
xahoitindo,thachbebigboss
DiningVision,thachbebigboss
BooksGS1,thachbebigboss
aplsmith5,YoungHsu_1s
DonnyTForPres,YoungHsu_1s
TheFeranziqDzn,YoungHsu_1s
drgonlord1234,YoungHsu_1s
FannyUltra,YoungHsu_1s
why_bread,YoungHsu_1s
MarylouIRay,1171020709
twistedkitchen2,1171020709
starchildlilacx,AgnesMayYao
CheathamDori,AgnesMayYao
StartupGrind,AgnesMayYao
Breastsrhealthy,AgnesMayYao
prosoapp,AgnesMayYao
angiepstevens,AgnesMayYao
mvagradshow,AgnesMayYao
john_eberhard,AgnesMayYao
BambinoBabies,AgnesMayYao
BillyWu2,AgnesMayYao
Vvvgo1,xinsicheng123
IWF,AngieZZL
skylee9295,AngieZZL
EnigmaWSP,AngieZZL
xiaoranhu,AngieZZL
TheOneRealIgor,AngieZZL
amfafafa,AngieZZL
gaoxing2105,AngieZZL
sadia_gee,AngieZZL
gtcomputing,AngieZZL
berenson_allen,AngieZZL
skylee9295,lipu1108
Ranchy_NJU,lipu1108
ahmad_shibbir,lipu1108
